job_id,skill_id
1,1
1,2
2,5
2,6
2,7
3,8
3,9
4,10
4,11
4,12
5,13
5,14
6,17
6,18
6,19
7,17
8,14
9,22
10,23
10,24
10,25
11,26
11,9
12,28
12,29
12,13
13,12
13,13
14,33
14,34
14,35
15,36
15,19
16,19
16,39
17,40
18,41
19,5
19,44
19,41
20,46
21,17
21,49
22,50
22,51
23,52
23,44
23,54
24,58
24,34
24,60
25,54
25,62
25,23
26,64
26,65
27,34
27,69
27,13
28,18
28,72
28,73
29,23
29,75
29,19
30,77
30,19
31,79
31,80
31,81
32,14
32,83
33,41
33,60
34,54
34,87
35,6
35,22
35,90
36,94
36,95
36,41
37,13
37,17
38,101
39,19
39,6
39,60
40,10
40,12
40,41
41,111
42,112
43,13
43,5
43,116
44,6
44,118
45,119
46,120
47,122
47,123
48,33
48,125
48,123
49,130
49,6
50,12
50,133
50,28
51,135
51,136
52,139
52,18
53,143
53,18
53,13
54,87
54,135
54,5
55,149
55,120
56,151
56,152
57,155
57,11
57,157
58,158
59,159
59,160
59,19
60,162
60,163
60,6
61,123
61,13
62,60
62,168
62,41
63,170
63,120
63,11
64,173
64,174
65,120
65,23
65,177
66,44
67,179
67,10
67,44
68,182
68,120
69,41
69,187
69,19
70,189
70,41
71,10
71,194
71,41
72,28
72,163
73,201
73,17
73,203
74,204
74,163
74,95
75,207
75,5
76,101
76,210
76,19
77,101
77,213
77,214
78,101
78,213
78,214
79,162
79,23
79,22
80,227
80,24
80,25
81,230
81,54
81,232
82,233
83,12
83,60
84,236
84,9
84,41
85,52
85,240
85,173
86,177
86,73
86,17
87,22
87,249
87,173
88,168
88,155
88,112
89,189
89,258
89,5
90,28
90,163
90,155
91,1
91,65
92,123
92,133
92,270
93,271
93,19
94,273
94,274
95,5
95,276
95,277
96,278
96,58
96,19
97,41
97,203
97,19
98,133
98,288
99,17
99,292
99,293
100,14
100,5
100,60
101,170
101,10
101,13
102,300
102,204
102,258
103,112
103,304
103,274
104,309
104,120
105,311
105,312
105,22
106,233
107,316
107,274
107,318
108,54
108,320
109,122
109,270
109,49
110,316
110,10
110,318
111,330
111,189
111,41
112,336
112,270
112,49
113,336
113,210
113,19
114,336
114,210
114,19
115,10
115,24
115,41
116,13
116,182
117,350
117,351
118,10
118,12
118,41
119,41
119,112
120,1
120,49
120,23
121,360
122,35
122,5
122,79
123,79
123,240
123,13
124,65
125,23
126,370
126,330
126,372
127,373
127,374
127,111
128,274
128,6
128,60
129,60
129,73
130,24
130,382
130,383
131,120
131,213
131,19
132,41
132,391
133,392
133,151
133,394
134,111
134,6
134,23
135,398
135,111
135,6
136,24
136,23
136,11
137,120
138,409
138,6
138,41
139,7
139,6
139,60
140,155
140,111
140,311
141,130
141,194
142,33
142,112
142,9
143,111
143,64
143,428
144,8
144,430
144,271
145,271
145,22
146,22
146,130
146,436
147,437
147,162
147,439
148,230
148,441
148,442
149,158
149,24
150,6
150,111
151,447
151,448
151,13
152,450
152,79
153,447
153,453
153,13
154,60
155,456
155,351
156,458
156,203
157,162
157,7
158,466
158,467
158,458
159,316
159,470
159,112
160,133
160,203
160,94
161,213
161,6
161,120
162,52
162,111
162,23
163,23
163,123
163,274
164,60
164,13
164,151
165,123
165,488
166,120
166,13
166,112
167,24
168,22
168,112
169,373
169,498
170,135
170,60
170,6
171,505
171,163
171,133
172,13
172,26
172,73
173,514
173,448
173,19
174,41
174,19
174,519
175,10
175,44
176,41
176,69
176,526
177,33
177,528
177,8
178,52
178,531
179,207
179,182
180,203
180,72
180,12
181,162
181,6
181,173
182,41
182,23
183,60
183,13
183,278
184,351
184,120
184,13
185,13
186,274
186,60
186,24
187,182
187,41
188,41
188,130
189,19
189,560
189,23
190,19
190,566
190,1
191,5
192,163
192,60
192,13
193,575
194,575
195,575
195,73
196,23
196,498
196,120
197,311
197,73
197,177
198,120
198,130
198,12
199,436
199,65
199,318
200,54
200,13
201,19
201,597
201,249
202,73
202,41
202,187
203,189
203,430
204,604
204,1
205,119
205,274
205,123
206,609
206,227
207,28
207,17
207,13
208,29
208,5
208,233
209,65
209,5
210,19
210,60
211,65
212,60
212,203
212,19
213,112
214,274
215,173
215,162
216,22
216,24
217,194
217,5
218,2
218,1
219,5
219,135
219,87
220,11
220,10
220,13
221,29
221,316
221,119
222,120
222,249
222,652
223,162
223,54
223,19
224,41
225,519
226,112
226,77
227,458
227,203
227,24
228,163
228,60
228,24
229,58
230,72
230,24
231,49
231,101
231,23
232,60
232,90
232,19
233,682
234,41
234,1
235,685
235,173
236,130
236,688
236,213
237,609
237,152
238,7
238,163
238,73
239,316
239,505
240,505
240,203
240,699
241,700
241,312
242,311
242,135
243,213
243,41
244,41
244,65
244,26
245,41
245,351
246,311
247,90
247,19
247,41
248,123
248,120
248,23
249,441
249,118
250,54
251,101
251,122
251,210
252,41
252,725
253,44
253,13
253,728
254,112
254,18
254,41
255,60
255,101
255,213
256,33
256,13
256,19
257,13
257,23
257,318
258,23
258,170
258,746
259,60
259,13
259,41
260,682
260,10
261,233
261,189
262,65
262,5
263,187
263,112
263,24
264,7
264,271
265,316
265,60
265,163
266,118
267,769
267,163
267,41
268,24
268,316
268,155
269,370
269,54
269,5
270,120
270,19
270,498
271,6
271,11
271,170
272,351
272,5
273,120
273,203
273,158
274,797
274,41
275,7
275,120
275,41
276,152
276,803
277,24
277,187
277,292
278,18
278,13
278,112
279,187
279,1
280,448
280,336
280,213
281,54
281,29
282,19
282,23
282,824
283,29
283,24
284,233
284,830
284,152
285,182
285,836
286,837
286,13
286,213
287,2
287,841
287,19
288,271
288,351
288,430
289,846
289,213
289,19
290,54
290,162
290,19
291,162
291,856
292,274
292,29
292,54
293,1
294,728
294,29
294,865
295,830
295,867
295,14
296,69
296,34
296,13
297,498
298,41
299,203
299,112
300,162
300,123
300,120
301,274
301,72
301,17
302,135
302,87
303,9
303,430
303,41
304,277
304,60
305,60
305,41
306,204
306,10
306,13
307,120
307,22
307,13
308,62
308,22
308,6
309,95
309,905
309,867
310,488
310,908
310,19
311,182
311,13
312,24
312,95
312,41
313,162
313,19
313,1
314,918
314,49
315,158
316,120
316,22
317,41
318,87
319,29
319,19
320,46
320,26
321,41
322,143
322,162
322,101
323,26
323,41
324,937
324,54
324,939
325,213
325,336
325,120
326,58
326,173
327,203
327,292
327,24
328,26
328,312
328,60
329,77
330,29
330,18
330,177
331,123
331,270
331,133
332,964
332,867
333,13
333,292
333,2
334,162
334,135
334,174
335,41
335,18
335,26
336,391
336,49
337,9
338,982
338,41
339,984
340,986
340,274
340,318
341,240
341,360
342,135
342,13
343,60
344,994
344,17
345,79
346,94
346,25
346,24
347,2
348,112
349,575
350,372
350,1008
350,189
351,258
351,867
351,1012
352,26
352,29
352,135
353,360
353,1017
353,441
354,194
354,65
355,52
355,9
356,1025
356,194
356,5
357,351
357,73
357,1030
358,1031
359,163
359,155
360,604
360,120
361,187
361,2
362,130
363,1039
363,111
363,173
364,182
365,23
366,1045
366,24
366,13
367,139
367,77
367,1050
368,54
368,1
369,135
369,123
369,23
370,1056
370,62
370,119
371,52
371,232
372,351
372,1
372,41
373,174
373,1068
373,1069
374,95
374,163
374,177
375,158
375,87
376,13
376,19
376,213
377,17
377,288
377,41
378,274
378,60
378,41
379,311
380,1085
380,155
380,937
382,213
382,79
382,5
383,351
384,725
384,9
384,430
385,311
385,274
385,120
386,227
386,316
387,18
387,204
387,10
388,273
388,60
388,41
389,204
389,170
389,1118
390,273
390,7
390,41
391,1122
391,7
391,41
392,36
392,60
393,312
396,1133
396,1025
397,1025
397,17
397,158
398,5
398,77
399,1142
399,5
400,351
400,24
400,2
401,13
401,22
401,939
402,25
402,24
402,466
403,1030
403,41
403,194
404,1161
404,194
405,1163
405,173
406,1025
406,273
406,177
407,1163
407,1169
407,249
408,498
408,123
408,120
409,60
409,24
409,1
410,725
410,1184
411,58
411,49
412,271
413,213
413,5
413,39
414,163
414,274
414,203
415,1
415,41
415,9
418,19
418,11
418,688
419,1205
419,1206
419,19
420,1208
420,210
420,213
421,797
422,688
422,271
422,60
423,488
423,90
423,1217
424,278
424,447
425,26
425,867
425,182
426,728
426,120
426,60
427,604
427,101
428,52
428,453
429,450
429,52
430,13
430,54
430,73
431,23
432,28
432,24
433,1244
433,11
433,123
434,17
434,24
434,95
435,274
436,33
436,1252
436,19
437,797
437,351
438,135
438,19
438,213
439,1012
439,60
439,700
440,162
440,1263
440,25
441,28
442,162
442,22
442,13
443,1269
443,311
443,436
444,488
444,13
444,162
445,278
445,488
445,13
446,1025
446,2
447,514
447,278
447,19
448,939
448,170
448,41
449,194
449,112
449,158
450,75
450,123
450,6
451,13
452,13
453,112
453,232
453,177
454,1299
454,258
455,9
455,204
455,133
456,351
456,41
457,18
457,44
457,7
458,65
458,351
459,24
459,1312
460,1313
460,65
461,14
461,964
461,867
462,152
462,87
463,1142
463,597
464,17
464,41
465,33
465,34
465,170
466,130
466,162
466,112
467,65
468,41
468,158
469,120
469,162
469,7
470,58
471,157
471,336
471,1346
472,26
472,73
473,79
474,746
474,143
475,1269
476,1
476,13
476,2
477,8
477,26
478,1359
478,77
479,13
479,41
479,26
480,41
480,101
481,77
481,49
482,271
483,5
483,318
483,13
484,270
484,13
484,23
485,41
485,204
485,203
486,130
486,36
487,101
487,1381
487,44
488,135
488,6
489,87
490,49
491,194
491,318
491,13
492,204
492,62
492,54
493,72
493,29
493,12
494,174
494,7
494,383
495,60
495,189
495,101
496,383
496,311
496,23
497,149
497,120
497,19
498,174
498,6
499,1244
499,162
499,130
500,41
500,54
501,1163
501,23
501,173
502,1427
503,158
503,383
503,1430
504,1427
505,1427
505,531
506,982
506,240
506,450
507,249
508,13
508,441
508,230
509,1050
510,79
510,41
511,41
511,498
511,6
512,162
512,439
512,24
513,162
513,7
513,5
514,204
514,133
514,13
515,316
515,133
515,13
516,14
517,1122
518,240
518,79
519,52
519,230
520,119
520,1473
520,1474
521,162
521,12
521,10
522,54
522,41
522,22
523,162
523,119
523,41
524,120
524,11
524,162
525,41
526,1488
526,233
527,18
528,13
528,182
528,5
529,6
529,162
529,19
530,174
530,274
530,163
531,41
531,60
532,143
532,130
532,87
533,54
533,158
534,10
534,26
534,13
535,162
535,1522
535,1523
536,41
536,498
536,11
537,119
537,163
538,60
538,1085
538,163
539,11
539,44
539,13
540,60
540,1381
541,278
541,526
541,318
542,278
542,318
542,60
543,60
543,273
544,856
544,151
544,41
545,450
546,2
546,87
547,2
547,1
547,19
548,41
548,13
548,26
549,157
549,19
549,213
550,1118
550,54
550,26
551,5
551,54
551,65
552,111
552,1050
553,41
553,304
553,23
554,54
554,274
554,18
555,162
555,233
555,1589
556,24
556,41
557,54
557,44
557,10
558,189
558,1596
558,1142
559,351
559,7
559,276
560,170
560,7
560,318
561,26
562,112
562,18
562,73
563,213
563,203
563,73
564,1244
564,23
564,22
565,1620
565,273
565,258
566,112
566,6
566,13
567,1208
567,13
567,26
568,856
568,40
568,41
569,311
569,135
572,19
572,22
572,1645
573,60
573,22
573,453
574,5
574,25
574,24
575,22
575,19
575,120
578,450
579,41
579,170
579,162
580,162
580,1666
581,1667
581,6
581,41
582,162
582,10
582,44
583,201
583,40
584,19
584,213
584,173
585,1678
585,65
585,26
586,9
586,278
586,1008
587,54
587,101
587,453
588,5
588,351
588,189
589,54
589,274
589,13
590,29
590,274
591,867
591,1696
591,26
592,41
592,316
592,1700
593,9
593,33
593,101
594,177
594,24
594,41
595,488
595,44
595,19
596,149
596,120
596,19
597,170
597,203
599,1721
599,1
600,41
600,436
601,292
601,1
602,155
602,318
603,120
603,23
603,112
604,162
604,498
604,6
605,213
605,157
606,72
606,112
606,24
607,203
607,112
608,1746
608,182
608,41
609,194
610,273
610,112
611,41
611,1753
612,1754
612,24
613,1756
613,1056
613,398
614,41
614,2
615,312
615,233
616,162
616,10
616,44
617,54
617,120
617,9
618,41
618,112
618,19
619,29
619,1696
619,1780
620,6
620,155
620,73
621,24
622,28
622,312
622,700
623,54
623,194
623,351
624,391
624,1050
625,151
626,119
627,19
627,213
628,25
629,22
629,439
629,24
630,112
630,177
631,351
631,430
631,5
632,133
632,1818
632,41
633,163
633,133
634,505
634,203
634,155
635,6
635,249
635,173
636,29
636,119
637,72
637,1523
637,13
638,157
638,1839
639,41
639,79
639,5
640,204
640,1844
640,867
641,162
641,130
641,318
642,383
642,685
642,120
643,101
643,837
643,60
644,456
644,13
644,189
645,77
646,111
646,23
647,1056
647,23
647,22
648,9
648,293
648,227
649,311
649,288
649,318
650,1030
650,1161
650,65
651,157
651,158
651,688
652,1269
652,240
653,54
653,24
653,1883
654,430
654,41
655,836
655,5
656,177
656,112
656,170
657,351
657,189
658,11
658,120
658,130
659,1901
659,274
659,19
660,162
660,130
660,19
661,41
661,111
662,11
662,271
662,41
663,162
663,135
663,101
664,101
664,90
664,60
665,311
665,41
666,135
667,158
667,22
667,13
668,19
668,1
669,13
669,72
669,163
670,23
670,173
671,51
671,830
671,28
672,162
672,123
672,13
673,204
673,95
674,430
674,65
674,5
675,41
675,316
675,505
676,1025
676,60
677,9
677,498
677,162
678,213
678,60
679,41
679,1142
679,60
680,204
680,13
680,112
681,271
681,162
681,50
682,170
682,9
683,24
683,41
684,258
684,41
685,7
685,130
686,908
686,41
686,1523
687,1122
687,12
687,41
688,1987
688,158
689,19
689,60
689,725
690,123
690,54
690,13
691,87
691,54
691,182
692,2
692,1
692,5
693,19
693,155
693,177
694,13
694,182
694,867
695,65
695,436
696,2014
696,13
697,58
698,41
698,11
698,120
699,41
699,984
700,54
700,135
700,318
701,14
701,214
701,213
702,1184
702,1050
702,1217
703,430
703,519
704,351
704,1696
705,233
705,87
705,152
706,135
706,73
706,41
707,41
707,182
707,1008
708,5
708,867
709,41
710,320
710,112
710,2
711,836
711,1008
711,700
712,2
712,1142
712,19
713,1012
713,519
713,60
714,2074
714,318
714,18
715,101
715,17
715,13
716,2080
716,19
716,13
717,123
717,1359
717,170
718,233
718,856
718,112
719,50
719,270
719,19
720,204
720,122
720,939
721,24
721,270
721,19
722,370
722,213
722,19
723,2101
723,19
724,125
724,123
724,22
725,64
725,79
725,60
726,13
726,118
727,1
727,41
727,213
728,194
729,2117
729,44
729,33
730,41
730,6
731,157
731,456
732,26
732,430
732,278
733,278
733,54
734,60
734,5
735,213
735,122
735,60
736,73
737,162
737,120
737,155
738,1620
739,2147
739,112
739,1050
740,13
740,2
740,5
741,41
742,19
742,143
742,77
743,2157
743,54
743,19
744,2160
744,25
744,72
745,2163
745,13
745,213
746,1753
746,12
747,519
748,162
748,274
748,13
749,8
749,1696
750,17
750,112
750,841
751,182
751,277
751,5
752,41
752,5
752,87
753,162
753,6
753,19
754,311
754,13
755,9
756,937
756,2196
756,112
757,318
757,2196
757,13
758,6
758,7
758,155
759,174
759,19
759,7
760,101
760,73
761,9
761,162
762,135
762,453
763,19
763,11
763,112
764,351
764,60
764,1
765,112
765,9
765,19
766,207
766,41
767,54
767,7
767,41
768,1039
768,111
768,1269
769,41
770,13
770,19
770,60
771,135
771,60
771,5
772,14
772,258
773,120
773,11
773,383
774,123
774,1474
774,10
775,135
775,162
775,1
776,29
776,318
776,7
777,29
777,318
777,12
778,26
778,24
779,162
779,203
779,54
780,160
780,10
780,41
781,320
781,119
781,13
782,12
782,318
782,24
783,351
783,41
784,1596
784,430
785,94
785,24
786,41
786,49
787,370
787,2
787,87
788,163
789,1756
789,135
789,652
790,162
790,10
790,13
791,51
791,10
791,120
792,162
792,316
792,41
793,51
793,2311
793,163
794,29
794,77
795,18
796,2318
796,837
796,213
797,1008
797,26
797,5
798,119
798,10
798,151
799,112
799,19
799,60
800,143
800,163
800,25
801,94
801,10
802,162
802,173
802,17
803,194
803,24
804,155
804,60
804,41
805,18
805,41
805,12
806,41
806,133
807,2356
807,60
807,119
808,157
808,19
808,41
809,163
809,72
809,155
810,158
810,118
810,2367
811,498
811,23
811,120
812,120
812,41
813,123
813,274
813,44
814,29
814,25
814,24
815,26
815,964
815,258
816,430
817,856
817,151
818,1008
818,258
818,158
819,271
819,62
819,19
820,189
820,158
820,5
821,1
822,351
822,5
823,65
823,13
823,5
824,1008
824,182
825,2407
825,162
825,133
826,1056
826,119
826,519
827,173
827,374
827,54
828,69
828,36
828,13
829,54
829,26
830,29
830,2311
830,17
831,119
831,41
832,311
833,163
833,73
834,470
834,6
834,41
837,163
837,394
837,24
838,19
838,60
838,101
839,24
839,120
839,41
842,12
842,18
843,466
843,5
843,58
844,112
844,41
845,351
845,189
845,13
846,162
846,505
846,130
847,11
847,122
847,41
848,28
848,270
849,162
849,52
849,22
850,837
850,120
850,19
851,1474
851,12
851,5
852,94
852,24
853,2483
853,182
853,5
854,1523
854,24
855,112
855,182
855,1
856,227
856,13
857,203
857,120
857,19
858,2501
859,50
859,60
859,155
860,10
860,44
860,120
861,60
861,1
863,19
863,1184
863,49
864,22
864,50
865,1645
865,13
866,2518
866,120
866,41
867,170
867,120
867,19
868,203
868,133
868,24
869,54
869,60
870,182
870,54
870,60
871,1085
871,458
871,41
872,1299
872,273
873,65
873,19
873,526
874,157
874,60
875,157
875,54
876,311
876,118
876,1430
877,8
877,797
878,10
878,158
878,41
879,2558
879,17
879,24
880,17
880,1523
881,318
881,112
882,5
882,276
883,2570
883,60
883,87
884,23
884,9
885,23
885,22
885,41
886,9
886,5
886,233
887,135
887,54
888,2
888,60
890,187
890,2590
890,19
891,278
891,13
891,19
892,41
893,270
893,7
893,13
894,311
894,498
894,19
898,2608
899,2609
900,1269
901,123
901,6
901,11
902,13
902,69
903,2616
904,2617
905,2618
906,2619
906,867
907,26
907,2617
908,155
908,1142
909,1
909,1313
910,2074
910,17
911,152
911,2619
911,2407
912,2632
912,2633
912,2634
913,24
913,28
913,10
914,213
914,203
915,155
915,163
915,162
916,2643
916,2644
917,22
917,120
917,162
918,26
919,2617
920,69
921,22
923,13
924,2653
925,1
925,2653
926,1
926,2657
927,13
928,2616
928,2660
929,118
929,2662
930,33
930,2664
931,453
931,2664
932,2617
933,2668
934,2669
935,2669
936,214
937,2617
938,2673
939,318
939,62
940,194
940,2677
941,194
941,2679
942,194
942,2681
943,2682
943,2683
944,652
944,2685
945,19
945,2687
945,232
946,119
946,1473
946,2691
947,119
947,1473
947,120
948,17
948,73
948,123
949,2356
949,2699
949,203
950,73
950,123
950,130
951,18
953,2669
954,54
955,26
956,2708
958,270
959,17
960,652
961,19
962,13
963,33
964,394
965,1522
966,207
967,19
968,73
969,204
970,2721
971,448
972,122
973,123
974,270
974,60
974,2727
975,270
975,60
975,336
976,19
976,2732
976,837
977,19
977,2732
977,837
978,19
978,2732
978,837
980,60
981,1
981,2743
982,2744
984,2745
985,123
986,12
987,2617
989,1
990,119
991,453
992,203
993,112
994,867
995,119
996,13
997,2643
998,6
999,135
1000,453
1001,2743
1002,2617
1003,19
1003,69
1003,278
1005,112
1005,316
1005,274
1006,112
1006,2772
1006,274
1007,207
1008,316
1008,22
1008,162
1009,316
1009,22
1009,162
1010,72
1011,73
1012,1696
1013,19
1014,2785
1015,1
1016,73
1017,112
1018,2789
1019,2790
1020,2791
1021,2792
1022,17
1023,17
1024,2795
1025,2796
1026,2796
1027,2789
1028,2679
1029,13
1030,112
1030,17
1030,1522
1031,19
1031,1754
1031,135
1032,2807
1033,2808
1033,2809
1035,73
1036,2811
1037,19
1038,2653
1039,2662
1040,2815
1041,6
1043,118
1044,24
1044,2819
1045,13
1046,60
1047,2822
1047,2823
1047,2824
1047,2825
1048,58
1048,2827
1048,2828
1049,318
1049,2830
1049,23
1049,2832
1049,2833
1049,1244
1049,304
1049,2836
1049,2837
1050,1522
1050,2839
1050,2840
1050,2841
1050,120
1050,2843
1050,7
1050,2845
1051,75
1051,112
1051,2848
1051,2849
1051,2822
1051,2851
1051,2852
1051,28
1051,11
1051,7
1051,2856
1051,162
1051,187
1052,112
1052,316
1052,62
1052,2862
1052,2863
1052,2864
1053,1008
1053,24
1053,2822
1053,2699
1053,2869
1053,2870
1053,2871
1053,2872
1053,162
1054,1163
1054,2875
1054,2876
1054,2877
1054,29
1054,398
1054,2880
1054,2881
1054,2196
1054,2883
1054,2884
1054,2885
1054,2886
1054,1244
1054,120
1054,498
1054,1017
1054,2891
1054,2892
1055,373
1055,2894
1055,2895
1055,2896
1055,2841
1055,2898
1055,249
1055,2900
1055,2901
1055,428
1055,2903
1056,2904
1056,2905
1056,2906
1057,2839
1057,2833
1057,123
1057,2910
1057,22
1057,120
1057,2913
1057,2914
1057,728
1057,560
1057,2917
1057,2918
1057,2919
1057,2920
1058,1299
1058,2922
1058,2668
1059,87
1059,2925
1060,87
1060,2927
1060,2925
1060,292
1060,2930
1060,2931
1061,182
1061,2933
1062,2934
1062,2935
1062,26
1062,2937
1062,2933
1062,2914
1062,2903
1063,2941
1064,120
1064,49
1064,2944
1064,23
1064,2875
1064,111
1064,398
1064,2949
1064,123
1064,2951
1064,2952
1064,2953
1064,2954
1064,2955
1064,2913
1064,11
1064,2958
1064,2836
1064,2960
1064,2961
1064,2962
1064,498
1065,2843
1065,865
1066,112
1066,2967
1066,2968
1066,62
1066,2196
1067,2971
1067,182
1067,456
1068,17
1068,19
1068,155
1068,2977
1068,2978
1068,2979
1068,2980
1069,163
1069,316
1069,2983
1069,123
1069,11
1069,728
1069,2987
1069,2988
1070,2989
1070,2691
1070,2991
1071,2992
1071,2993
1071,2994
1071,19
1071,2996
1071,201
1071,2998
1071,203
1071,2869
1071,3001
1071,458
1071,1522
1071,133
1071,3005
1071,2824
1071,101
1072,3008
1072,382
1072,276
1072,3011
1073,2839
1073,49
1073,2841
1073,90
1073,3016
1073,3017
1073,210
1073,3019
1073,3020
1074,2843
1074,3022
1075,73
1075,24
1075,1901
1075,95
1075,3027
1075,149
1075,2833
1075,3030
1075,28
1075,3032
1075,2590
1075,3034
1075,3035
1076,230
1076,2935
1076,2691
1076,120
1076,3040
1076,11
1076,3042
1076,3043
1076,2856
1076,2978
1076,3046
1076,428
1077,2668
1077,182
1077,3050
1077,456
1077,3052
1078,531
1078,22
1078,3055
1078,2979
1078,3057
1079,73
1079,17
1079,18
1079,155
1079,203
1079,2841
1079,120
1079,728
1079,101
1079,2988
1080,2869
1080,3069
1080,3070
1080,3071
1081,24
1081,54
1081,3074
1081,3075
1081,230
1081,383
1081,3078
1082,77
1082,49
1082,3081
1082,1359
1082,2840
1082,3084
1082,3085
1082,3086
1083,213
1083,2827
1083,2163
1083,448
1083,120
1083,3092
1083,1346
1083,3094
1084,3095
1085,12
1085,24
1085,155
1085,22
1085,120
1085,7
1085,3102
1086,3103
1087,49
1087,318
1087,274
1087,2570
1087,111
1087,3109
1087,2869
1087,3111
1087,383
1088,49
1088,2570
1088,2833
1089,163
1089,316
1089,62
1089,3119
1089,3120
1089,2845
1090,46
1090,2894
1090,3124
1090,3125
1090,3126
1090,3127
1091,428
1091,3129
1091,111
1091,1163
1091,3132
1091,3133
1091,2978
1091,3135
1092,49
1092,112
1092,3138
1092,54
1093,46
1093,2880
1093,2896
1093,3143
1093,3144
1094,2841
1094,112
1094,2833
1094,3148
1094,2117
1094,2869
1094,3120
1094,3152
1094,3153
1095,111
1095,3155
1095,2875
1095,2880
1095,3158
1095,3159
1095,3160
1095,3161
1095,22
1095,3163
1096,2833
1097,19
1097,112
1097,3167
1097,3168
1097,1754
1097,336
1098,1208
1098,1031
1098,62
1098,2862
1098,3120
1098,3152
1098,3177
1099,2833
1099,112
1099,274
1099,3181
1099,54
1099,3183
1099,2983
1099,1754
1099,3120
1099,11
1099,3092
1099,728
1099,2828
1099,1667
1099,3094
1099,1068
1100,2833
1100,824
1100,19
1100,1208
1101,3198
1101,2996
1101,2699
1101,1142
1101,3202
1101,466
1102,12
1102,3205
1102,470
1102,75
1102,2608
1102,937
1102,2841
1102,22
1102,3120
1102,120
1102,3214
1102,7
1102,3133
1102,3217
1102,3218
1102,3219
1102,3220
1102,3221
1102,162
1102,3223
1103,3070
1103,3042
1103,3226
1104,447
1104,2905
1104,69
1104,58
1104,3092
1104,1208
1104,3071
1105,23
1105,2875
1105,3236
1105,111
1105,1056
1105,937
1106,25
1106,29
1106,1818
1106,2699
1106,163
1106,133
1107,274
1107,23
1107,937
1107,11
1107,2845
1108,12
1108,274
1108,182
1108,29
1108,2840
1108,2833
1108,2699
1108,120
1108,2856
1108,3260
1109,163
1109,182
1109,2699
1109,2869
1109,22
1109,3266
1109,3267
1110,3005
1110,24
1110,3270
1110,3271
1110,123
1110,120
1110,163
1111,151
1111,3276
1111,856
1111,2822
1111,3279
1111,2311
1111,3281
1112,12
1112,3283
1112,3284
1112,18
1112,3286
1112,3109
1112,2196
1112,123
1112,2841
1112,3291
1112,3120
1112,11
1112,2856
1112,162
1113,112
1113,24
1113,2839
1113,3299
1113,2856
1113,187
1113,3302
1114,120
1114,2935
1114,3305
1114,2914
1114,3043
1114,3308
1114,101
1114,597
1115,12
1115,24
1115,95
1115,3314
1115,18
1115,3316
1115,3317
1115,1818
1115,123
1115,120
1115,28
1115,7
1115,3220
1115,3324
1115,162
1115,3326
1115,437
1115,3328
1115,2825
1116,2833
1116,3331
1117,318
1117,73
1117,3334
1117,2996
1117,3336
1117,2925
1117,2825
1117,2988
1118,155
1118,1031
1118,3342
1118,2869
1118,2941
1118,120
1118,249
1118,3042
1118,3331
1118,3043
1118,2900
1118,3218
1118,3326
1118,3046
1118,2903
1119,2791
1119,2827
1119,3357
1120,213
1120,2968
1120,2841
1120,3152
1120,101
1121,2903
1122,87
1122,3365
1122,2841
1122,3367
1122,3368
1122,3369
1122,3370
1123,87
1123,182
1123,2822
1124,2668
1125,3375
1125,112
1125,227
1125,3378
1125,320
1125,2937
1125,120
1125,3382
1125,3383
1125,2845
1125,162
1125,2988
1126,12
1126,24
1126,2839
1126,155
1126,2851
1126,22
1126,120
1126,163
1126,3383
1126,2845
1126,3397
1126,2825
1127,24
1127,2356
1127,3283
1127,12
1127,2922
1127,29
1127,3336
1127,1818
1127,10
1128,3005
1128,24
1128,274
1128,3411
1128,3412
1128,2833
1128,1818
1128,2691
1128,937
1128,2869
1128,3120
1128,120
1128,3420
1128,3397
1128,3422
1128,2157
1128,3266
1128,3425
1129,87
1129,2930
1129,2708
1129,3429
1130,19
1130,18
1130,2833
1130,3433
1130,3434
1130,3435
1130,162
1130,3437
1131,19
1131,177
1131,119
1131,2823
1131,75
1131,3443
1131,937
1131,3305
1131,3446
1131,120
1131,2914
1131,162
1131,1017
1132,19
1132,23
1132,2862
1132,2699
1132,2163
1132,3456
1132,3120
1132,11
1132,336
1132,728
1132,837
1132,3462
1132,2917
1132,162
1132,688
1132,2920
1133,7
1133,3468
1133,120
1133,293
1133,3471
1134,3042
1134,3473
1134,3474
1135,2117
1135,2827
1136,12
1136,3478
1136,3479
1136,3336
1136,1818
1136,7
1136,133
1136,162
1138,318
1138,3492
1138,2832
1138,2833
1138,3495
1139,3496
1139,22
1139,3074
1139,162
1140,2841
1140,1184
1140,19
1140,155
1140,2937
1140,270
1140,120
1140,7
1140,3508
1140,3509
1140,101
1141,177
1141,73
1141,830
1142,249
1142,19
1142,2883
1142,2914
1142,3133
1142,428
1143,87
1143,2927
1143,3522
1143,3523
1144,87
1144,112
1144,19
1144,2822
1144,3367
1144,3529
1144,187
1144,3260
1145,203
1145,3533
1145,39
1146,318
1146,54
1146,3120
1146,7
1146,2708
1147,87
1147,3367
1148,23
1148,3478
1148,3544
1148,18
1148,2996
1148,2840
1148,3548
1148,3549
1148,3550
1148,3551
1148,3552
1148,3553
1148,3554
1148,2904
1148,3556
1149,10
1149,12
1149,2968
1149,54
1149,75
1149,3562
1149,3120
1149,7
1150,2822
1150,29
1150,75
1150,2933
1150,566
1150,187
1151,3571
1151,2935
1151,2833
1151,2869
1151,2933
1151,162
1152,505
1152,3578
1152,2968
1152,3412
1152,2833
1152,123
1152,3583
1152,2869
1152,3585
1152,3032
1152,3266
1152,3135
1152,3589
1152,3590
1153,87
1153,320
1153,2822
1153,2925
1153,3595
1154,274
1154,54
1154,2196
1154,123
1154,2869
1154,120
1154,11
1154,3603
1154,1142
1154,3217
1154,162
1154,3607
1154,3608
1155,28
1155,177
1155,29
1155,2833
1155,3613
1155,728
1155,3615
1156,3616
1156,3342
1156,2864
1156,3133
1156,3620
1156,3621
1157,23
1157,3623
1157,3624
1157,3625
1157,3626
1157,2841
1157,3217
1158,87
1158,182
1158,2895
1158,2925
1158,292
1158,3369
1159,3635
1159,23
1159,2832
1159,3638
1159,1244
1159,3640
1159,2913
1159,2914
1159,498
1159,560
1159,3645
1159,162
1159,3647
1159,3648
1160,274
1160,112
1160,304
1160,2913
1161,73
1161,17
1161,3655
1161,23
1161,3657
1161,155
1161,203
1161,2869
1161,120
1161,1085
1162,3474
1162,3342
1162,293
1162,230
1163,3236
1163,3668
1163,2971
1164,73
1164,24
1164,2994
1164,29
1164,3571
1164,201
1164,62
1164,1818
1164,2841
1164,2869
1164,3680
1164,163
1164,7
1164,3032
1164,3326
1165,58
1165,22
1167,213
1167,49
1167,2827
1167,2833
1167,69
1167,90
1167,3094
1168,87
1168,112
1168,19
1168,2833
1168,3148
1168,448
1168,2930
1168,101
1169,3710
1169,528
1169,2117
1170,3713
1171,3714
1172,25
1172,177
1172,119
1172,528
1172,54
1172,2841
1172,1118
1172,1085
1172,3723
1172,162
1173,17
1173,1012
1173,3727
1174,120
1174,3729
1174,2880
1174,3731
1174,1163
1174,1244
1174,2914
1174,3326
1175,213
1175,824
1175,54
1175,3739
1175,101
1176,3022
1177,3742
1177,23
1177,3744
1177,1163
1177,2941
1177,2914
1177,3043
1177,3749
1177,3750
1178,12
1178,24
1178,95
1178,119
1178,3334
1178,3336
1178,2925
1178,3758
1178,2824
1178,3260
1179,3236
1179,22
1180,2910
1180,3729
1180,111
1180,2833
1180,1163
1180,292
1180,2157
1180,3770
1180,3266
1181,17
1181,1523
1181,3774
1181,19
1181,3286
1181,3777
1181,2983
1181,2841
1181,3780
1181,2845
1181,3782
1181,3005
1181,3784
1181,3785
1182,112
1182,2839
1182,62
1182,123
1182,2869
1182,3680
1182,2933
1182,7
1182,728
1182,162
1182,2825
1183,120
1183,2833
1183,123
1183,3800
1183,728
1183,162
1184,87
1184,112
1184,320
1184,2699
1184,3548
1184,3808
1185,2833
1185,274
1185,3027
1185,316
1185,62
1185,2983
1185,937
1185,2910
1185,3456
1185,3120
1185,7
1185,3218
1185,2311
1185,3223
1185,3647
1186,12
1186,3825
1186,22
1186,120
1186,2845
1187,19
1187,2841
1187,908
1187,122
1187,688
1187,3437
1188,120
1188,728
1189,274
1189,23
1189,2570
1189,3342
1189,123
1189,22
1189,3843
1189,3422
1189,2914
1189,498
1189,2837
1189,3848
1189,162
1190,318
1190,54
1190,3120
1190,3214
1190,293
1190,3429
1191,276
1191,3857
1191,3858
1191,2708
1192,203
1192,112
1192,3714
1192,3616
1192,120
1192,11
1192,728
1192,837
1192,3868
1192,3848
1192,2918
1192,1069
1192,3784
1192,2920
1193,54
1193,3478
1193,182
1193,3027
1193,2318
1193,2196
1193,2841
1193,3881
1193,3882
1193,1085
1193,3884
1193,498
1193,3886
1193,3887
1193,3888
1193,3889
1193,2920
1193,437
1193,1069
1193,3893
1193,3894
1194,39
1194,274
1194,155
1194,3562
1194,11
1194,7
1194,133
1194,2311
1194,162
1194,3904
1195,3905
1195,3155
1195,531
1195,249
1195,3909
1195,3910
1196,3168
1196,3912
1196,3042
1196,3550
1196,3915
1196,3916
1196,3917
1196,2903
1197,3714
1197,2933
1198,2856
1198,2869
1198,3881
1198,3924
1199,1523
1199,318
1199,119
1199,29
1199,201
1199,3317
1199,3931
1199,75
1199,203
1199,3562
1199,3935
1199,3936
1199,120
1199,3938
1199,2845
1199,3782
1199,3005
1199,1252
1200,24
1200,54
1200,155
1200,3946
1200,2910
1200,3758
1200,7
1200,3950
1200,3328
1200,2988
1201,2869
1201,2827
1201,2833
1201,336
1201,1346
1201,1667
1201,3302
1202,3960
1202,2841
1202,120
1203,155
1203,2996
1203,62
1203,2608
1203,22
1203,120
1203,7
1203,498
1204,213
1204,2910
1204,3456
1204,11
1204,3218
1204,3976
1204,3326
1204,688
1204,3979
1204,3784
1204,3981
1204,3647
1205,398
1205,2875
1205,2880
1205,1056
1205,3159
1205,3988
1205,3989
1205,2841
1205,2884
1205,2885
1205,2869
1205,120
1205,11
1205,728
1206,318
1206,204
1206,652
1206,1488
1206,398
1206,152
1207,398
1207,4004
1207,2875
1207,2876
1207,316
1207,1430
1207,1056
1207,3159
1207,4011
1207,123
1207,2841
1207,4014
1207,2885
1207,3132
1207,2836
1207,3603
1208,24
1208,4020
1209,24
1209,1901
1209,29
1209,2841
1209,3881
1209,120
1209,162
1210,4028
1210,36
1210,58
1210,3710
1211,120
1211,112
1211,23
1211,19
1211,4036
1211,149
1211,203
1211,4011
1211,123
1211,1244
1211,3640
1211,3938
1211,2955
1211,498
1211,4046
1211,2913
1211,162
1212,1012
1212,19
1212,2840
1213,3168
1213,29
1213,391
1213,746
1213,3084
1213,908
1213,3915
1213,3085
1213,3784
1213,2903
1214,318
1214,3492
1214,1474
1214,3286
1214,4066
1214,10
1214,3220
1215,2841
1215,54
1216,58
1217,36
1217,2833
1218,2869
1218,3729
1218,1430
1218,1163
1218,728
1219,652
1219,182
1219,2914
1219,4082
1220,77
1220,4084
1220,4085
1221,120
1221,29
1221,2869
1221,3884
1221,4090
1221,3645
1221,4092
1221,4093
1222,19
1222,3478
1222,4096
1222,18
1222,2832
1222,2880
1222,143
1222,123
1222,3616
1222,3758
1222,908
1222,728
1222,3218
1222,2825
1222,2988
1223,49
1223,112
1223,17
1223,54
1224,2839
1224,227
1224,4115
1224,728
1224,122
1224,4118
1224,2987
1224,4120
1224,2988
1225,2841
1225,54
1225,163
1225,4118
1225,2825
1225,4127
1225,2988
1226,2833
1226,2839
1226,531
1227,133
1227,25
1227,2996
1227,4135
1227,123
1227,163
1227,3217
1228,112
1228,316
1228,62
1228,2862
1228,2863
1228,2864
1229,18
1229,1901
1229,1359
1229,2833
1229,2925
1230,17
1230,112
1230,2691
1230,1522
1231,22
1231,652
1231,4156
1231,2883
1231,4158
1231,4159
1231,428
1232,23
1232,2875
1232,398
1232,1163
1232,2662
1232,4166
1233,4167
1234,4168
1234,2823
1234,3158
1234,3988
1234,4172
1234,11
1235,2894
1235,3075
1236,3042
1236,112
1236,19
1236,163
1236,3331
1236,2978
1236,2903
1237,1142
1238,1901
1238,4066
1238,2699
1238,123
1238,2841
1238,3616
1238,3120
1238,3214
1238,4192
1238,293
1238,4194
1238,3782
1239,1430
1239,4004
1239,3159
1239,4199
1239,4200
1239,1017
1240,162
1240,112
1240,2968
1240,2833
1240,3148
1240,2983
1240,2869
1240,3120
1240,4192
1240,728
1240,3032
1240,4213
1241,54
1241,4215
1241,4216
1242,531
1242,3070
1242,4219
1243,23
1243,3729
1243,4222
1243,2884
1243,22
1243,4225
1243,162
1244,2919
1244,448
1245,2833
1245,4230
1245,4231
1246,728
1246,4233
1246,11
1246,3133
1246,230
1247,2903
1247,652
1247,2935
1247,373
1247,2914
1247,4219
1248,3042
1248,4244
1248,2883
1248,249
1248,3331
1248,2900
1248,3085
1249,87
1249,143
1249,4252
1249,2856
1249,162
1250,111
1250,3155
1250,2875
1250,4258
1250,4259
1250,123
1250,2885
1250,120
1250,11
1250,3848
1251,2147
1251,73
1251,3857
1251,29
1251,939
1251,391
1251,2080
1251,1312
1251,3785
1252,2833
1252,112
1252,316
1252,123
1252,1754
1252,3120
1252,11
1252,3133
1252,498
1252,3462
1252,4284
1252,1069
1253,2869
1253,4020
1253,123
1253,498
1253,4290
1253,3420
1253,162
1254,162
1254,3623
1254,2196
1254,2910
1254,1244
1254,11
1254,728
1254,2845
1254,3218
1254,1017
1254,4303
1254,4093
1255,2163
1255,318
1255,2862
1255,69
1255,3092
1255,3094
1256,19
1256,29
1256,4313
1256,3638
1256,1244
1256,2914
1256,2856
1256,560
1256,162
1257,2822
1257,29
1257,75
1257,2933
1257,566
1257,187
1262,4354
1262,4355
1263,4358
1263,4359
1264,4360
1264,4361
1265,2933
1265,4363
1266,19
1266,318
1266,119
1267,4367
1267,4368
1268,4369
1268,118
1597,58
1597,9
1270,58
1270,4375
1271,4376
1271,4377
1272,4378
1272,1163
1598,4989
1598,4770
1599,5048
1599,5049
1274,4384
1274,4385
1274,4386
1275,4387
1275,4388
1276,4389
1276,4390
1277,4391
1277,4392
1278,4393
1278,4394
1279,4395
1279,4389
1280,4397
1280,4398
1281,4369
1281,4400
1282,4401
1282,4402
1283,4403
1283,4404
1284,101
1284,4406
1286,394
1286,5
1287,4409
1287,4410
1288,3785
1288,18
1289,79
1289,4414
1290,4415
1290,4416
1291,3218
1291,4418
1292,4419
1292,4420
1293,17
1293,204
1294,4369
1294,4424
1295,4425
1295,4426
1296,1008
1296,4428
1296,4429
1297,4430
1297,41
1298,4432
1298,4433
1299,4434
1299,4435
1300,4436
1300,4437
1301,2617
1301,4439
1303,4440
1303,448
1304,4442
1304,4443
1305,398
1305,23
1306,4446
1306,4447
1307,4448
1307,4449
1308,4450
1308,4451
1309,4452
1309,4453
1310,4454
1310,4084
1311,4456
1311,4457
1600,5050
1600,4391
1601,2163
1601,4821
1602,4454
1602,5055
1314,213
1314,4466
1315,4467
1315,4468
1315,4469
1316,17
1316,112
1316,19
1317,4473
1317,4419
1318,4475
1318,4476
1319,4477
1319,4478
1321,101
1321,112
1322,4481
1322,4482
1323,13
1323,41
1325,4485
1326,4486
1326,170
1327,2708
1327,4489
1328,4490
1328,4375
1329,4492
1329,4493
1330,4494
1330,4495
1331,1163
1331,4497
1332,6
1332,4499
1333,44
1333,4501
1334,4502
1334,4503
1335,4504
1335,4505
1336,4506
1336,4507
1336,4508
1337,4392
1603,5056
1603,2968
1604,4540
1339,964
1339,4514
1340,10
1340,7
1341,4517
1341,3302
1342,4519
1342,4520
1343,120
1343,112
1344,22
1344,112
1345,24
1346,4526
1346,4527
1347,4528
1347,4529
1348,2708
1348,4531
1349,4531
1349,4454
1350,4384
1350,4535
1351,4536
1351,4537
1352,4538
1352,4539
1353,4540
1353,4454
1354,4542
1354,111
1355,4544
1355,4545
1356,4546
1356,4547
1357,4506
1357,4549
1357,4550
1358,2708
1358,4414
1359,4553
1359,4554
1360,4375
1360,4495
1361,4397
1361,26
1362,4559
1362,4560
1363,4561
1363,4562
1604,69
1605,982
1605,5061
1606,5062
1606,5063
1607,5064
1607,5000
1367,4573
1368,4440
1368,4575
1370,112
1370,4577
1370,10
1371,841
1371,2743
1371,19
1371,4582
1372,841
1372,2743
1372,19
1372,4582
1373,318
1373,4588
1374,4589
1374,4590
1375,4591
1375,8
1376,4467
1376,4594
1377,4595
1377,4596
1378,4597
1378,4595
1379,4599
1379,4600
1380,182
1380,4602
1381,112
1381,4604
1382,26
1382,4606
1383,4607
1383,4608
1384,4609
1384,4610
1385,4611
1385,430
1386,4613
1387,4614
1387,4615
1388,4616
1388,4617
1389,4375
1389,4389
1390,4620
1390,4621
1391,4538
1391,4623
1391,13
1392,4625
1392,4626
1393,4627
1393,4628
1394,4627
1394,4630
1395,4631
1395,4632
1396,4633
1396,4634
1397,274
1397,4540
1397,2772
1398,4638
1398,4639
1398,430
1399,4638
1399,4639
1399,430
1400,4644
1400,4645
1401,4646
1401,189
1402,4648
1402,2617
1403,4650
1403,1056
1404,40
1404,292
1405,112
1405,4655
1406,4656
1406,4657
1407,2708
1407,4659
1408,2708
1408,4659
1409,4662
1409,4663
1409,4664
1410,4665
1410,4666
1411,4667
1411,90
1412,4669
1412,4670
1413,4671
1414,4672
1415,4673
1415,4674
1416,4675
1416,112
1609,158
1418,4680
1418,4681
1419,4369
1419,3624
1420,4684
1421,4685
1422,123
1422,22
1423,4454
1423,4389
1424,4375
1424,182
1425,4375
1425,5
1609,5071
1610,5072
1610,5073
1427,1163
1427,52
1428,79
1428,4700
1429,4701
1429,2822
1430,4703
1430,4704
1431,4705
1431,4706
1432,4707
1432,4708
1433,448
1433,4710
1434,292
1434,4712
1435,4713
1435,4714
1437,4715
1437,3365
1438,4717
1438,3152
1439,4719
1439,4720
1440,13
1440,2708
1441,4723
1441,4724
1442,4725
1442,4726
1443,4685
1443,4728
1444,4729
1444,4360
1445,58
1445,4732
1446,173
1446,4734
1447,6
1447,4499
1448,4737
1448,4738
1449,73
1449,204
1450,4741
1450,4742
1451,4743
1451,4744
1452,4745
1452,4746
1453,4747
1453,4028
1454,232
1454,4750
1455,189
1455,4752
1456,2845
1456,2772
1457,4755
1457,4084
1458,4757
1458,2673
1459,4759
1459,4760
1460,2903
1461,4762
1461,4672
1462,65
1462,4765
1611,5074
1611,60
1612,5076
1464,4769
1464,4770
1465,13
1465,4772
1612,5077
1613,4395
1613,214
1614,5080
1614,5081
1615,5082
1615,5083
1616,5084
1616,5085
1470,4785
1470,4786
1471,5
1471,4788
1472,4789
1472,746
1473,4791
1473,3492
1474,4793
1474,4794
1475,4395
1475,4375
1476,4797
1476,3988
1479,3378
1479,4800
1480,4389
1480,4802
1481,4803
1481,4804
1482,4805
1482,4806
1483,526
1483,13
1484,4809
1484,4389
1620,5090
1620,58
1621,3443
1486,4816
1486,4817
1487,4818
1487,3236
1488,4820
1489,4821
1490,688
1490,4823
1491,65
1491,351
1492,19
1492,688
1493,4538
1493,3094
1494,905
1494,170
1495,2074
1495,318
1496,4834
1496,24
1497,19
1497,4837
1498,90
1498,210
1499,90
1499,101
1500,2732
1500,2633
1501,274
1501,112
1502,2732
1502,19
1503,2732
1503,19
1504,2732
1504,19
1505,4765
1505,2633
1506,4854
1506,4855
1507,4856
1507,4857
1508,4375
1508,4369
1509,4860
1509,4861
1510,4862
1511,4863
1511,4495
1512,4803
1512,4866
1513,4867
1513,4442
1514,73
1514,29
1515,4871
1515,4872
1516,4873
1516,4874
1517,4875
1517,4876
1518,4877
1518,112
1519,4879
1519,4880
1621,3456
1622,652
1622,2643
1623,23
1623,5097
1624,118
1524,4895
1524,4896
1525,4897
1525,1678
1527,4899
1527,4900
1528,4375
1528,4902
1529,4903
1529,824
1530,4905
1530,4906
1531,274
1531,6
1532,4909
1532,4910
1533,1269
1533,4912
1534,4913
1534,4914
1535,60
1535,120
1535,4917
1536,4918
1536,4394
1537,4920
1537,79
1538,19
1538,13
1539,383
1539,3615
1540,4926
1540,4927
1541,4928
1541,170
1541,4930
1542,4931
1542,4375
1543,4933
1543,4934
1544,4935
1544,4473
1545,24
1545,4930
1546,4939
1546,2609
1547,4941
1547,4714
1548,4375
1549,4473
1549,4803
1550,4946
1550,240
1551,79
1551,4949
1552,3462
1552,4951
1553,312
1553,4953
1554,4954
1554,4955
1555,4956
1555,4375
1556,41
1556,5
1557,4960
1557,4961
1557,119
1558,4963
1558,4964
1559,4965
1559,65
1560,4967
1560,4968
1561,4902
1561,318
1562,4971
1562,4972
1563,4973
1563,4974
1564,4975
1564,4976
1565,158
1565,4978
1566,4659
1566,4980
1567,4981
1567,4982
1568,4983
1568,4984
1569,4746
1570,1359
1570,4987
1571,3270
1571,4989
1572,4990
1572,4991
1573,3281
1573,867
1575,41
1575,5000
1577,4389
1577,4375
1578,5003
1578,5004
1579,3848
1579,5006
1580,112
1580,7
1580,5009
1581,213
1581,5011
1582,5012
1582,4631
1583,10
1583,119
1584,6
1584,2643
1585,5018
1585,13
1588,5020
1588,5021
1589,4454
1589,4540
1589,13
1590,58
1590,5026
1591,4395
1591,4375
1592,5029
1592,5030
1593,5031
1593,5032
1595,5038
1595,5039
1629,4715
1629,5117
1630,5081
1631,5119
1631,5120
1632,5121
1633,24
1633,17
1634,5124
1634,5125
1635,5126
1635,5127
1636,5128
1636,5129
1637,824
1637,13
1639,5136
1639,5137
1641,73
1641,5139
1642,4706
1642,5141
1643,5142
1643,5143
1645,213
1645,210
1645,60
1645,90
1646,158
1647,5154
1647,158
1648,5156
1648,4466
1649,5158
1649,4789
1650,4360
1650,5161
1651,4375
1651,73
1652,4562
1653,5165
1653,5166
1654,5167
1654,5168
1655,5169
1655,5170
1656,5171
1656,5172
1657,5173
1657,5174
1658,5175
1658,5176
1659,5177
1659,5178
1660,13
1660,2518
1661,5181
1661,58
1662,430
1662,5184
1663,5185
1663,5186
1664,58
1665,4360
1665,5189
1665,5190
1666,4714
1666,5192
1668,5193
1668,5194
1670,5195
1670,3571
1671,5197
1671,5198
1672,5199
1673,526
1673,4389
1674,3152
1675,5203
1675,24
1675,5205
1676,4454
1676,5207
1677,5208
1677,5209
1678,213
1678,58
1685,5238
1685,5239
1686,23
1686,5241
1687,11
1687,23
1688,5244
1688,5245
1689,2930
1689,5247
1690,5248
1690,5249
1691,824
1691,13
1692,5252
1692,5253
1693,5254
1693,5167
1694,5256
1694,158
1695,5258
1695,5259
1696,312
1696,4706
1697,5262
1697,5263
1698,69
1698,5265
1699,5266
1699,69
1700,4430
1700,5269
1701,5270
1701,8
1702,5272
1702,5273
1703,2822
1703,5275
1704,5276
1704,5277
1705,5156
1705,19
1706,5280
1706,170
1707,5282
1707,5283
1708,4489
1708,2644
1709,4467
1710,4466
1710,5288
1711,5289
1711,5290
1712,5291
1712,65
1713,4613
1714,5294
1714,5295
1715,2930
1716,2822
1716,4604
1717,4608
1718,3005
1718,5301
1719,5302
1719,5303
1721,5307
1721,5308
1722,5309
1723,5310
1723,5311
1724,450
1724,5313
1725,5314
1725,158
1726,2869
1726,1667
1727,2869
1727,1667
1728,2869
1728,1667
1729,2869
1729,1667
1730,5195
1730,5325
1731,5326
1731,5327
1733,5328
1733,5329
1734,5330
1734,5331
1738,5344
1738,5345
1740,4673
1740,4674
1741,5348
1741,5349
1742,4457
1742,5351
1743,170
1743,8
1744,58
1744,4899
1745,5356
1745,5357
1747,5358
1748,5359
1748,5360
1749,3334
1749,5362
1750,5363
1750,5364
1751,36
1751,316
1752,5367
1753,5368
1753,5369
1754,5370
1754,4514
1755,5372
1755,5373
1756,65
1756,101
1757,278
1757,2117
1758,5378
1758,5011
1759,4514
1759,5381
1760,5382
1760,4375
1766,5405
1766,5406
1766,8
1767,293
1767,2644
1768,5410
1768,65
1769,73
1769,13
1770,5414
1770,5415
1771,5416
1771,5417
1772,13
1772,5419
1773,5420
1773,120
1774,4817
1774,58
1776,5428
1776,5429
1777,4375
1777,5431
1779,5437
1779,5438
1780,4395
1780,4495
1781,5441
1782,5272
1782,5443
1783,984
1783,5445
1784,4360
1784,5447
1785,5448
1786,60
1786,5450
1787,5451
1787,528
1788,5453
1788,5454
1789,4389
1789,5456
1790,5457
1790,5263
1790,5459
1791,5460
1791,4554
1792,5362
1792,5463
1793,65
1793,5465
1794,5466
1794,5467
1796,5410
1797,5471
1797,5472
1799,5473
1799,5474
1800,3302
1801,60
1807,5497
1807,5498
1808,5080
1808,5500
1809,4538
1809,5502
1810,5503
1810,41
1811,5505
1811,4360
1812,4084
1812,5508
1813,4389
1813,4540
1813,2807
1814,5512
1814,4466
1815,5514
1815,5515
1816,26
1816,1696
1817,5184
1817,5519
1818,13
1818,5521
1819,5522
1819,5523
1820,4392
1820,5525
1821,5526
1821,5527
1822,41
1822,207
1823,119
1823,4066
1824,5532
1824,158
1825,5129
1825,4514
1827,5536
1827,5537
1827,230
1828,5143
1828,5540
1829,5541
1829,5542
1830,4785
1830,5544
1831,5545
1831,5546
1832,5547
1832,5548
1833,5549
1833,4375
1834,5551
1834,5552
1835,5553
1835,5554
1836,5555
1836,5545
1837,5557
1837,5558
1838,5559
1838,8
1839,5561
1839,4738
1839,5563
1840,58
1840,4514
1841,5566
1841,5567
1842,5568
1842,5569
1843,4390
1843,5571
1844,4895
1844,2845
1845,4466
1845,2845
1846,5576
1846,5577
1847,4369
1847,5579
1848,982
1848,450
1849,2080
1849,1346
1850,2930
1850,4715
1851,5586
1851,5056
1851,5588
1852,4389
1852,5590
1853,5591
1853,5592
1854,5593
1854,5594
1855,5129
1855,5596
1856,4899
